metric,baseline,tta,delta,baseline_pct,tta_pct,delta_points
em,0.096,0.102,0.0059999999999999915,9.60,10.20,+0.60
f1,0.177,0.203,0.026000000000000023,17.70,20.30,+2.60
precision,0.192,0.212,0.01999999999999999,19.20,21.20,+2.00
recall,0.209,0.259,0.05000000000000002,20.90,25.90,+5.00
