{
  "trace_records": 1974,
  "unique_questions": 500,
  "pseudo_ok_rate": 1.0,
  "query_shift_l2": {
    "count": 1974,
    "mean": 1.4177451912840222,
    "median": 1.208629071712494,
    "min": 0.008590568788349628,
    "max": 3.177936553955078,
    "p10": 0.019950218498706818,
    "p90": 2.4543325901031494
  },
  "l1_loss": {
    "count": 1671,
    "mean": 2.75705512441396,
    "median": 2.8810644149780273,
    "min": 0.31896844506263733,
    "max": 4.97571325302124,
    "p10": 1.6826295852661133,
    "p90": 3.4863970279693604
  },
  "l2_loss": {
    "count": 1974,
    "mean": 2.6020945218573828,
    "median": 2.822784662246704,
    "min": 0.24649982154369354,
    "max": 3.9596118927001953,
    "p10": 1.462519645690918,
    "p90": 3.303123950958252
  },
  "mean_l1_steps": 1.5374873353596759
}