metric,win,tie,loss,count,win_rate,loss_rate,mean_delta
answer_em,19,465,16,500,0.038,0.032,0.006
answer_f1,95,353,52,500,0.19,0.104,0.025659999999999995
answer_precision,90,358,52,500,0.18,0.104,0.019859999999999996
answer_recall,74,390,36,500,0.148,0.072,0.05038
MHR_final,104,375,21,500,0.208,0.042,0.0868333333333333
title_only_MHR_final,100,372,28,500,0.2,0.056,0.07949999999999996
